


{ 
    "age_group":                          [   "0-9",  "10-19",  "20-29",  "30-39",  "40-49", "50-59", "60-69", "70-79",   "80+"],
    "agePopulationTotal":                 [6795024.21729289, 6455796.56,  7229763.35989135,7851749.56269805, 7268235.5663196, 7749065.50022635,6155330.86555002, 4925289.68311453, 2914825.46672703],
    "yearly_baseline_admissions":         [612518,   643932,    1551717,  1647005,  1535305, 1997061, 2402483, 2509541, 2170584],
    "ageHospitalMeanLengthOfStay":        [     2.1,      2.7,      2.9,      3.2,      4.6,     4.9,     5.6,     6.6,     8.9],
    "ageNhsClinicalStaffPopulationRatio": [     0.0,      0.0,    0.019,    0.019,    0.019,   0.019,   0.019,     0.0,     0.0],
    "riskOfAEAttandance_by_age":          [0.41261361, 0.31560648, 0.3843979 , 0.30475704, 0.26659415,0.25203475, 0.24970244, 0.31549102, 0.65181376],
    
    "transmissionInfectionStage": [0.001, 0.1, 0.6, 0.5],
    
    "infToHospitalExtra": [0.0001, 0.001, 0.02, 0.01],

    "nDaysInHomeIsolation": 14.0

}

